DataSource,ResponseType,ResponseDate,OrderNumber,GroupId,Sequence,StudentPin,FirstName,MiddleInitial,LastName,Suffix,Address,Address2,City,State,Zipcode,Zip4,CarrierRoute,DeliveryPoint,CheckDigit,County,Email,Phone,CellPhone,HighSchoolName,HighSchoolType,Ceeb,Mdrpid,BirthDate,Gender,GraduationYear,GPA,Ctype01,Ctype02,Ctype03,Ctype04,Special01,Special02,Special03,Hsprep01,Hsprep02,Hsprep03,Hsprep04,Hsprep05,Hsprep06,Hsprep07,Hsprep08,Major01,Major02,Activity01,Activity02,Activity03,Activity04,Activity05,Activity06,Activity07,Activity08,Activity09,Activity10,Activity11,Activity12,Activity13,Activity14,Sport01,Sport02,Sport03,Sport04,Sport05,Sport06,Sport07,Sport08,Sport09,Sport10,Denom01,Denom02,Envir,Race01,Race02,Race03,Race04,Race05,Race06,Race07,Race08,Mplans01,Mplans02,Mplans03,Mplans04,Mplans05,Mplans06,Mplans07,Mbranch01,Mbranch02,Mbranch03,Mbranch04,Mbranch05,HouseholdReligion,HbcInterest,DidParentAttend,Keycode,ModelScore,SmartIncome,Cluster,ACTEnglish,ACTMath,ACTReading,ACTScience,ACTComposite,SATMath,SATReading,SATWriting,SATComposite,ClassRank,ClassSize,Parent1FirstName,Parent1LastName,Parent1Email,Parent2FirstName,Parent2LastName,Parent2Email,ClickInquiry,ClickApply,ClickScheduleVisit,VisitedCampus,IsUpdated,AlumniId,AlumniLastName,AlumniAddress,AlumniZipcode,IsNoCharge,BRCScanDate,UserDef01,UserDef02,UserDef03,UserDef04,UserDef05,UserDef06
DSC,,,,,61793519,YRK9WK1,Michelle,B,Mingus,,421 Marks Ln,,Bardstown,KY,40004,9292,,,,179,michellemingus11@gmail.com,,,Nelson CO High School                                       ,P,180133,394435,09/17/2003,F,2021,B,STATEPUB,,,,LAWSCHOOL,SCHOOLOFPS,THTRARTCOL,COLLCREDIT,HONORSPROG,,,,,,,CULINARY,DENTAL,,,,,,,,,,,,,,,,,,,,,,,,,,,,WHITERACE,,,,,,,,,,,,,,,,,,,,,,Y,,,,,,,,,,,,,,,,Amanda,Overall,,Patrick,Overall,,,,,,,,,,,,,SPORTSMED,,,,,
DSC,,,,,61996762,G8ZKPP1,Maggie,S,Conley,,2477 E 37th St,,Lorain,OH,44055,2804,,,,93,conley.maggie@odcs.org,,,Open Door Christian School,T,362083,1874062,11/25/2003,F,2022,A,STATEPUB,,,,MEDICALSCH,SCHOOLOFPS,,ADVPLACE,COLLCREDIT,HONORSPROG,,,,,,SPORTMNGT,SPORTSMED,,,,,,,,,,,,,,,,,,,,,,,,,,,STRICTRULE,,,,,,,,,,,,,,,,,,,,,,,N,,,,,,,,,,,,,,,,Barb,Conley,JoeandBarb@centurytel.net,Joe,Conley,,,,,,,,,,,,,,,,,,
DSC,,,,,61970400,F2TPWQ1,Hannah,M,Sievers,,8737 S Prairie Rd,,Evansville,IL,62242,1113,,,,157,sievershannah22@redbud132.org,,,Red Bud High School,P,143610,315051,09/27/2003,F,2022,A,,,,,,,,COLLCREDIT,GENRLPREP,,,,,,,PHYSED,SPORTSMED,,,,,,,,,,,,,,,,,,,,,,,,,,,,WHITERACE,,,,,,,,,,,,,,,,,,,,,,,,,,,,,,,,,,,,,,,,,,,,,,,,,,,,,,,,,,,,
DSC,,,,,55868984,977ZQ91,Nathan,,Sharp,,99 Luckett Ln,,Milton,KY,40045,8399,,,,223,sharpnathan406@gmail.com,,,Trimble Co High School,P,180165,396653,08/25/2004, ,2023,B,PRIVATECOL,STATEPUB,,,SCCOMMJRNL,MILACADCOL,,,,,,,,,,ARCHITECT,NURSING,,,,,,,,,,,,,,,,,,,,,,,,,,,MEDRULES,WHITERACE,,,,,,,,,,,,,,,,,,,,,,Y,,,,,,,,,,,,,,,,,,,,,,,,,,,,,,,,,,,,,,
DSC,,,,,61668622,V2TYYZ1,Cole,T,Kemper,,4489 Turtle Creek Way,,Lexington,KY,40509,2154,,,,67,colekemper41@aol.com,,,Henry Clay Senior High School,P,181425,383096,06/09/2004,M,2022,B,,,,,,,,ADVPLACE,,,,,,,,PSYCHOLOGY,,,,,,,,,,,,,,,,,,,,,,,,,,,,,,,,,,,,,,,,,,,,,,,,,,,,,,,,,,,,,,,,,,,,,,,,,,,,,,,,,,,,,,,,,
DSC,,,,,61960647,2XWJKW1,Laikynn,J,Thompson,,7739 Old Highway 81,,Owensboro,KY,42301,8126,,,,59,laikynnt@gmail.com,,,Owensboro Catholic High School                              ,C,182045,382597,05/01/2003,F,2022,,,,,,,,,,,,,,,,,,,,,,,,,,,,,,,,,,,,,,,,,,,,,,,,,,,,,,,,,,,,,,,,,,,,,,,,,,,,,,,,,,,,,,,,,,,,,,,,,,,,,,,,,,
DSC,,,,,55390943,JJLB981,Chloe,,Young,,117 Yorkwood Pl,,Madisonville,KY,42431,8847,,,,107,youngjy02@gmail.com,2704529393,2704529271,,,,,07/21/2004,F,2023,A-,PRIVATECOL,,,,BIBLECOLLE,SCHOOLBUS,CULINARYSC,GIFTEDPROG,,,,,,,,CHEMISTRY,ENVSTUDIES,,,,,,,,,,,,,,,,,,,,,,,,,,,MEDRULES,WHITERACE,,,,,,,,,,,,,,,,,,,,,,Y,,,,,,,,,,,,,,,,,,,,,,,,,,,,,,,,,SOCIALWORK,,,,,
DSC,,,,,55659144,5N3H821,Trinton,M,Brooks,,111 Tolan Rd,,Frenchburg,KY,40322,8059,,,,165,alishanb2@gmail.com,,6063599062,,,,,11/16/2004,M,2023,B+,STATEPUB,,,,LAWSCHOOL,MILACADCOL,,,,,,,,,,SOCIALWORK,,,,,,,,,,,,,,,,,,,,,,,,,,,,MEDRULES,WHITERACE,,,,,,,,,,,,,,,,,,,,,,,,,,,,,,,,,,,,,,,,,,,,,,,,,,,,,,,,,,,,
DSC,,,,,61786153,PC5KQ71,Kelly,M,Cornuelle,,392 Katiebud Dr,,Cincinnati,OH,45238,5100,,,,61,kmcornuelle@gmail.com,,,Seton High School,C,361115,808826,04/17/2003,F,2021,B,,,,,,,,VOTECH,GENRLPREP,,,,,,,ARCHITECT,FASHION,,,,,,,,,,,,,,,,,,,,,,,,,,,,,,,,,,,,,,,,,,,,,,,,,,Y,,,,,,,,,,,,,,,,,,,,,,,,,,,,,,,,,,,,,,
DSC,,,,,55457386,TXV3D31,Hailey,,Rains,,4977 W 900 S,,Warren,IN,46792,9785,,,,69,2023rainshe@sa.hccsc.us,2603753615,2602281903,Riverview Middle School,P,      ,338572,11/18/2004,F,2023,C+,PRIVATECOL,STATEPUB,COMMJUNR,VOCATIONAL,ARTDESIGNC,LAWSCHOOL,,GENRLPREP,,,,,,,,ATHLETICS,,,,,,,,,,,,,,,,,,,,,,,,,,,,LAXRULES,NATIVEAM,WHITERACE,,,,,,,,,,,,,,,,,,,,,Y,,,,,,,,,,,,,,,,,,,,,,,,,,,,,,,,,,,,,,
DSC,,,,,50895999,2XKCLK1,Nolan,M,Bailey,,2740 Weigl Rd,,Saginaw,MI,48609,7082,,,,145,baileynolan92@gmail.com,9897816945,9895982304,Swan Valley High School,P,233333,511827,04/06/2003,M,2021,A,STATEPUB,VOCATIONAL,,,ARCHITCOL,ENGINRCOL,COLMATHSCI,ADVPLACE,GIFTEDPROG,,,,,,,ENGINEER,ENGLISH,,,,,,,,,,,,,,,,,,,,,,,,,,,MEDRULES,WHITERACE,,,,,,,,,,,,,,,,,,,,,,Y,,,,,,,,,,,,,,,,,,,,,,,,,,,,,,,,,GRAPHICART,,,,,
DSC,,,,,55905349,DTSCYV1,Luciano,,Fazio,,34 Pinewood Ave,,Albany,NY,12208,2712,,,,1,,5185280508,5185280308,Albany High School,P,330041,714134,07/12/2007,M,2022,B+,STATEPUB,,,,ARCHITCOL,SCHOOLBUS,,ADVPLACE,COLLCREDIT,HONORSPROG,OTHERADVAN,,,,,ANIMALSCI,ART,,,,,,,,,,,,,,,,,,,,,,,,,,,LAXRULES,BLACKRACE,WHITERACE,,,,,,,,,,,,,,,,,,,,,Y,,,,,,,,,,,,,,,,,,,,,,,,,,,,,,,,,AEROSPACE,,,,,
DSC,,,,,60981858,3YTWK91,Alexandria,,Fancher,,304 N Delaware St,,Chrisman,IL,61924,1204,,,,45,2021lexyf@chrisman.k12.il.us,,2174938351,Chrisman High School,P,141400,4933289,12/01/2002,F,2021,B,STATEPUB,,,,SCHENVIRO,COLMATHSCI,THTRARTCOL,ADVPLACE,HONORSPROG,,,,,,,BIOLOGY,ENVSTUDIES,NEWSPAPER,WRITING,,,,,,,,,,,,,NOINTEREST,,,,,,,,,,OTHERAFFIL,,MEDRULES,WHITERACE,,,,,,,,,,,,,,,,,,,,,,N,,,,,,,,,,,,,,,,,,,,,,,,,,,,,,,,,MARINEBIO,,,,,
DSC,,,,,58851338,4J9LWR1,Reynaldo,,Reyes,,2332 Walton Ave,Apt 9,Bronx,NY,10468,7174,,,,5,rreyes8703@marblehillschool.org,,3479253062,Marble Hill Hs-Int'l Studies                                ,P,330562,5098088,04/16/2004,M,2022,A,STATEPUB,,,,ARCHITCOL,ENGINRCOL,COLMATHSCI,ADVPLACE,COLLCREDIT,HONORSPROG,,,,,,ARCHITECT,ATHLETICS,ARTDESIGN,MATHSCI,,,,,,,,,,,,,BASKETBALL,CROSSCNTRY,TRACKFIELD,VOLLEYBALL,,,,,,,,,MEDRULES,LATINORACE,,,,,,,,,,,,,,,,,,,,,,N,,,,,,,,,,,,,,,,Josefa,Almanzar,lorenzo.reyes139@gmail.com,Lorenzo,Reyes,,,,,,,,,,,,,MECHENG,,,,,
DSC,,,,,61847790,QH9JFP1,Shay,K,Labuwi,,2995 Midnight Sun Dr,,Sun Prairie,WI,53590,8815,,,,25,slabuwi@gmail.com,,,Sun Prairie High School,P,502242,1122003,02/25/2003,F,2021,A-,,,,,,,,ADVPLACE,,,,,,,,ARCHITECT,FASHION,ARTDESIGN,FRATERNITY,STDYABROAD,,,,,,,,,,,,,,,,,,,,,,,,,WHITERACE,,,,,,,,,,,,,,,,,,,,,,,,,,,,,,,,,,,,,,,,,,,,,,,,,,,,,,,INTDESIGN,,,,,
DSC,,,,,53714104,MZYJHX1,Avery,,Goff,,1204 Citation Dr,,Union,KY,41091,9241,,,,15,averyelizabethgoff@gmail.com,8594664305,8594662463,Ryle High School,P,182560,4014285,11/08/2002, ,2021,A+,PRIVATECOL,STATEPUB,,,FAMILYSCI,NURSINGCOL,SCHOOLOFPS,HONORSPROG,,,,,,,,BIOLOGY,DENTAL,HONORSCLUB,CHURCH,VOLUNTEER,FRATERNITY,LEADERSHIP,STDYABROAD,,,,,,,,,ROWING,CROSSCNTRY,TRACKFIELD,,,,,,,,,,MEDRULES,WHITERACE,,,,,,,,,,,,,,,,,,,,,,Y,,,,,,,,,,,,,,,,,,,,,,,,,,,,,,,,,MEDICALSCI,,,,,
DSC,,,,,61887237,VDSXXR1,Christian,K,Baker,,1044 Jouett Creek Dr,,Lexington,KY,40509,9040,,,,67,kagebaker2009@gmail.com,,,Henry Clay Senior High School,P,181425,383096,09/30/2003,M,2021,A,,,,,,,,ADVPLACE,VOTECH,,,,,,,POLITICS,,BUSINESS,DEBATE,FRATERNITY,LEADERSHIP,STUDENTGOV,STDYABROAD,TECHCLUB,,,,,,,,,,,,,,,,,,,,,,,,,,,,,,,,,,,,,,,,,,,,,,,,,,,,,,,,,,,,,,,,,,,,,,,,,,,,,,,,,
DSC,,,,,52688749,RTQP5Q1,Kristen,S,Rainey,,5301 Autumn Run Dr,,Powder Springs,GA,30127,5534,,,,67,kristenrainey2021@gmail.com,7702226009,4047971443,North Cobb High School,P,110005,209969,05/03/2003,F,2021,A+,PRIVATECOL,STATEPUB,,,SCHOOLBUS,FAMILYSCI,LAWSCHOOL,ADVPLACE,GIFTEDPROG,HONORSPROG,INTLBACCAL,,,,,BUSINTL,LAWLEGAL,HONORSCLUB,BUSINESS,VOLUNTEER,DEBATE,FRATERNITY,LEADERSHIP,NEWSPAPER,TUTORING,STUDENTGOV,STDYABROAD,WRITING,,,,BASKETBALL,SOFTBALL,,,,,,,,,OTHERAFFIL,,MEDRULES,BLACKRACE,,,,,,,,,,,,,,,,,,,,,,Y,,,,,,,,,,,,,,,,Sean,Rainey,srain10360@aol.com,Christeen,Rainey,,,,,,,,,,,,,NURSING,,,,,
DSC,,,,,55599086,9SV5PD1,Jesse,J,Deleon,,615 Queen Elizabeth,,Madisonville,KY,42431,9785,,,,107,ye.sch@hotmail.com,,8717871471,Madisonville North Hopkins High School,P,181675,386165,06/23/2003,F,2021,B,STATEPUB,COMMJUNR,,,ARCHITCOL,ARTDESIGNC,CULINARYSC,OTHERADVAN,,,,,,,,ARCHITECT,MISSIONARY,,,,,,,,,,,,,,,,,,,,,,,,,,,STRICTRULE,LATINORACE,,,,,,,,,,,,,,,,,,,,,Y,Y,,,,,,,,,,,,,,,,,,,,,,,,,,,,,,,,,CYBERSECUR,,,,,
DSC,,,,,52764702,WPLJNP1,Julius,,Woodward,,1835 Forest Run Dr,,Independence,KY,41051,8174,,,,117,juwood39@gmail.com,,8596302387,Scott High School,P,180576,1822100,,M,2021,B-,STATEPUB,,,,SCHOOLBUS,LAWSCHOOL,MILACADCOL,GENRLPREP,,,,,,,,ACCOUNTING,FOREIGNLAN,,,,,,,,,,,,,,,,,,,,,,,,,,,MEDRULES,NATIVEAM,,,,,,,,,,,,,,,,,,,,,,N,,,,,,,,,,,,,,,,,,,,,,,,,,,,,,,,,SOCIALWORK,,,,,
DSC,,,,,51118916,SZG8LS1,Jenine,,Collins,,858 Black Lick Rd,,Mc Kee,KY,40447,7465,,,,109,jenine.collins10@gmail.com,6062873597,6064938460,Jackson Co High School,P,181780,386361,, ,2021,A+,COMMJUNR,VOCATIONAL,,,COLLEGEED,MILACADCOL,,COLLCREDIT,OTHERADVAN,,,,,,,GAMEDESIGN,PHYSICIAN,,,,,,,,,,,,,,,,,,,,,,,,,,,STRICTRULE,NOANSRACE,,,,,,,,,,,,,,,,,,,,,,N,,,,,,,,,,,,,,,,,,,,,,,,,,,,,,,,,,,,,,
DSC,,,,,53291559,DQJ96R1,Ethan,,Burke,,1074 Beech Chapel Rd,,Union City,TN,38261,8109,,,,131,ethanburke3000@gmail.com,,7314465602,Obion CO Central High School                                ,P,432305,987434,05/04/2004,M,2022,B,STATEPUB,,,,LAWSCHOOL,MILACADCOL,,GENRLPREP,,,,,,,,,,,,,,,,,,,,,,,,,,,,,,,,,,,,STRICTRULE,NOANSRACE,,,,,,,,,,,,,,,,,,,,,,Y,,,,,,,,,,,,,,,,,,,,,,,,,,,,,,,,,,,,,,
DSC,,,,,52341410,4T2ZBK1,Kobe,L,Mitchell,,428 E Market St,,Cadiz,OH,43907,1244,,,,67,mitchellkobe52@gmail.com,7404916043,,Harrison Centrl Jr Sr High School,P,360685,810570,12/17/2002,M,2021,A,STATEPUB,,,,SCHOOLBUS,SCCOMMJRNL,ENGINRCOL,ADVPLACE,HONORSPROG,,,,,,,,,,,,,,,,,,,,,,,,,,,,,,,,,,,MEDRULES,BLACKRACE,,,,,,,,,,,,,,,,,,,,,,Y,,,,,,,,,,,,,,,,,,,,,,,,,,,,,,,,,,,,,,
DSC,,,,,53775159,QY4QL81,Kaitlyn,D,Hawk,,77 Jim Maggard Rd,,Lily,KY,40740,2913,,,,125,kaitlynhawk9@yahoo.com,,6063091458,South Laurel High School,P,181485,391421,07/18/2003,F,2021,B,STATEPUB,,,,LAWSCHOOL,COLMATHSCI,NURSINGCOL,GENRLPREP,,,,,,,,CULINARY,PHARMACY,,,,,,,,,,,,,,,,,,,,,,,,,,,MEDRULES,WHITERACE,,,,,,,,,,,,,,,,,,,,,,Y,,,,,,,,,,,,,,,,,,,,,,,,,,,,,,,,,,,,,,
DSC,,,,,51243371,X8PSL51,Keyron,C,Smithh,,315 S Mandy Ave,,Gonzales,LA,70737,6593,,,,5,smith14065@students.apsb.org,2254503236,2257171389,East Ascension High School,P,191045,398091,02/09/2003,M,2021,A-,STATEPUB,,,,SCCOMMJRNL,SCHOOLOFPS,INSTTECH,ADVPLACE,,,,,,,,DATASCI,GRAPHICART,,,,,,,,,,,,,,,,,,,,,,,,,,,MEDRULES,BLACKRACE,,,,,,,,,,,,,,,,,,,,,,Y,,,,,,,,,,,,,,,,,,,,,,,,,,,,,,,,,HEALTHCARE,,,,,
DSC,,,,,52211415,3VXK4K1,Jeremiah,,Thomas,,6705 Exeter Ave,,Birmingham,AL,35212,1940,,,,73,jeremiahthomas351@gmail.com,2057601777,2054228301,Woodlawn Magnet High School                                 ,P,10440,10976,05/09/2003,M,2022,C+,PRIVATECOL,STATEPUB,,,ARCHITCOL,ENGINRCOL,THTRARTCOL,ADVPLACE,VOTECH,GENRLPREP,,,,,,ACCOUNTING,,,,,,,,,,,,,,,,,,,,,,,,,,,,LAXRULES,BLACKRACE,,,,,,,,,,,,,,,,,,,,,,Y,,,,,,,,,,,,,,,,,,,,,,,,,,,,,,,,,,,,,,
DSC,,,,,54472094,TFFG8Q1,Morgan,,Flora,,275 Marble Valley Rd,,Sylacauga,AL,35151,5223,,,,121,s1224487@scsboe.org,,2566260510,Sylacauga High School,P,12570,18382,08/16/2004,F,2022,B,STATEPUB,,,,SCHOOLBUS,FAMILYSCI,COLMATHSCI,ADVPLACE,VOTECH,,,,,,,MISSIONARY,PHYSED,,,,,,,,,,,,,,,,,,,,,,,,,,,MEDRULES,WHITERACE,,,,,,,,,,,,,,,,,,,,,,Y,,,,,,,,,,,,,,,,,,,,,,,,,,,,,,,,,PHYSTHERPY,,,,,
DSC,,,,,54741375,S7QC441,Fernando,,Barrientos,,1634 W 54th St,,Los Angeles,CA,90062,2720,,,,37,fernandobarrientos2324@gmail.com,3234453921,,LA Math Science Magnet School,P,      ,11436107,10/15/2004,M,2022,C,STATEPUB,,,,CULINARYSC,COLLEGEED,COLMATHSCI,HONORSPROG,,,,,,,,,,,,,,,,,,,,,,,,,,,,,,,,,,,,MEDRULES,LATINORACE,,,,,,,,,,,,,,,,,,,,,,Y,,,,,,,,,,,,,,,,,,,,,,,,,,,,,,,,,,,,,,
DSC,,,,,50863954,RKS3LR1,John,M,Davis,,111 Windmere Dr,,Paducah,KY,42001,5984,,,,145,johnmichaeld65@hotmail.com,,2709942035,Heath High School,P,182670,392504,12/03/2002,M,2021,B,STATEPUB,,,,SCHOOLBUS,LAWSCHOOL,NURSINGCOL,HONORSPROG,,,,,,,,CHEMISTRY,CULINARY,,,,,,,,,,,,,,,,,,,,,,,,,,,MEDRULES,BLACKRACE,WHITERACE,,,,,,,,,,,,,,,,,,,,,Y,,,,,,,,,,,,,,,,,,,,,,,,,,,,,,,,,PHYSED,,,,,
DSC,,,,,51064120,WW8XHZ1,Matthew,,Poore,,304 Shelton Town Rd,,Albany,KY,42602,7859,,,,53,matthew.poore@stu.clinton.kyschools.us,,6063065166,Clinton CO High School                                      ,P,180005,381983,,M,2021,C+,PRIVATECOL,STATEPUB,,,MILACADCOL,,,GENRLPREP,,,,,,,,NURSING,,,,,,,,,,,,,,,,,,,,,,,,,,,,STRICTRULE,NOANSRACE,,,,,,,,,,,,,,,,,,,,,,N,,,,,,,,,,,,,,,,,,,,,,,,,,,,,,,,,,,,,,
DSC,,,,,53276912,J2G36X1,Elijah,L,Humphrey,,556 W Wilbeth Rd,,Akron,OH,44314,1764,,,,153,elijahhumphrey172165@gmail.com,2347164751,,North High School,P,360070,834332,05/13/2003,M,2021,A,PRIVATECOL,STATEPUB,,,ARCHITCOL,ENGINRCOL,COLMATHSCI,HONORSPROG,,,,,,,,CHEMISTRY,ENVSTUDIES,,,,,,,,,,,,,,,,,,,,,,,,,,,MEDRULES,BLACKRACE,,,,,,,,,,,,,,,,,,,,,,Y,,,,,,,,,,,,,,,,,,,,,,,,,,,,,,,,,,,,,,
DSC,,,,,60547623,V2B6KD1,Corey,,Curtsinger,,257 Overlook Estates Dr,,Shepherdsville,KY,40165,5130,,,,29,,5024378761,5028220647,Bullitt Central High School,P,182410,380472,06/08/2005,M,2023,B+,PRIVATECOL,,,,SCHOOLBUS,ENGINRCOL,COLMATHSCI,VOTECH,,,,,,,,ELECTENG,MECHENG,,,,,,,,,,,,,,,,,,,,,,,,,,,STRICTRULE,WHITERACE,,,,,,,,,,,,,,,,,,,,,,Y,,,,,,,,,,,,,,,,,,,,,,,,,,,,,,,,,ENGLISH,,,,,
DSC,,,,,61237509,RFP9LL1,Jackson,C,Brooking,,4489 Logans Fort Ln,,Lexington,KY,40509,8552,,,,67,jacksonbrooking@me.com,8593170285,,Henry Clay Senior High School,P,181425,383096,06/07/2004,M,2022,,STATEPUB,,,,SCHOOLBUS,ENGINRCOL,,OTHERADVAN,,,,,,,,CHEMISTRY,COMPENG,,,,,,,,,,,,,,,,,,,,,,,,,,,MEDRULES,WHITERACE,,,,,,,,,,,,,,,,,,,,,,Y,,,,,,,,,,,,,,,,,,,,,,,,,,,,,,,,,,,,,,
DSC,,,,,53211510,XH79XX1,Kierzdyn,J,Walker,,3650 Hawk Rd,,Hillsboro,OH,45133,6712,,,,71,kierzdynwalker@gmail.com,9372880057,9375095759,Whiteoak Jr Sr High School                                  ,P,363585,810946,01/28/2004,F,2022,A,PRIVATECOL,STATEPUB,,,COLLEGEED,MEDICALSCH,NURSINGCOL,COLLCREDIT,GENRLPREP,,,,,,,ACCOUNTING,PHYSED,,,,,,,,,,,,,,,,,,,,,,,,,,,MEDRULES,WHITERACE,,,,,,,,,,,,,,,,,,,,,,N,,,,,,,,,,,,,,,,Ronald,Walker,,,,,,,,,,,,,,,,,,,,,
DSC,,,,,61665085,8SLXQS1,Benjamin,,Nicol,,833 Spring Rd,,Charleston,WV,25314,1120,,,,39,benalex0341@gmail.com,,3047419899,,,,,08/03/2004,M,2023,,,,,,,,,,,,,,,,,,,,,,,,,,,,,,,,,,,,,,,,,,,,,,,,,,,,,,,,,,,,,,,,,,,,,,,,,,,,,,,,,,,,,,,,,,,,,,,,,,,,,,,,,,
DSC,,,,,51049312,7RHHLJ1,Jahir,D,Murray,,405 Hollister Ave,,Bridgeport,CT,6607,1405,,,,1,jahir1104@icloud.com,2032236801,2035260743,Bridgeport Military Academy,P,70084,11923746,11/04/2003,M,2021,LC,STATEPUB,,,,ARTDESIGNC,NURSINGCOL,,GENRLPREP,,,,,,,,GRAPHICART,SOCIALWORK,,,,,,,,,,,,,,,,,,,,,,,,,,,LAXRULES,BLACKRACE,,,,,,,,,,,,,,,,,,,,,,N,,,,,,,,,,,,,,,,,,,,,,,,,,,,,,,,,,,,,,
DSC,,,,,57436268,TLY8D21,Emma,,Seiboldt,,1556 State Route 167,,Victoria,IL,61485,9623,,,,95,eseiboldt23@rowva.k12.il.us,3098792346,3092971622,Rowva Junior High School                                    ,P,143305,300264,06/28/2005,F,2023,A+,STATEPUB,,,,COLMATHSCI,MEDICALSCH,NURSINGCOL,ADVPLACE,VOTECH,GIFTEDPROG,OTHERADVAN,,,,,MUSIC,NEUROSCI,,,,,,,,,,,,,,,,,,,,,,,,,,,MEDRULES,WHITERACE,,,,,,,,,,,,,,,,,,,,,,Y,,,,,,,,,,,,,,,,,,,,,,,,,,,,,,,,,SPORTMNGT,,,,,
DSC,,,,,60399250,F2LJTZ1,Bella,,Alcott,,1340 College St,,Bowling Green,KY,42101,3423,,,,227,bella.alcott@stu.bgreen.kyschools.us,,2704189491,Bowling Green High School,P,180247,396770,11/06/2003,F,2022,A+,PRIVATECOL,STATEPUB,,,SCHOOLBUS,MEDICALSCH,SCHOOLOFPS,ADVPLACE,VOTECH,COLLCREDIT,GIFTEDPROG,HONORSPROG,,,,COSMETOLGY,MECHENG,,,,,,,,,,,,,,,,,,,,,,,,,,,MEDRULES,WHITERACE,,,,,,,,,,,,,,,,,,,,,,Y,,,,,,,,,,,,,,,,,,,,,,,,,,,,,,,,,MILITARYSC,,,,,
DSC,,,,,54929642,78BP7N1,Caitlin,N,Kennedy,,976 Apple Blossom Ln,,Milford,OH,45150,8754,,,,25,caitlinkennedy@mevsd.net,5139658118,5137099763,Milford High School, ,363430,788587,04/02/2004,F,2022,A-,STATEPUB,,,,NURSINGCOL,,,GENRLPREP,,,,,,,,MISSIONARY,PHYSED,,,,,,,,,,,,,,,,,,,,,,,,,,,MEDRULES,ASIANRACE,WHITERACE,,,,,,,,,,,,,,,,,,,,,N,,,,,,,,,,,,,,,,Jim,Kennedy,jkcincy@outlook.com,Sumalee,Kennedy,,,,,,,,,,,,,OTHERMAJOR,,,,,
